Name,Alter,Geschlecht,Nationalität,E-Mail
Nurten Linke-Benthin,37,Weiblich,Germany,wally87@example.com
Wiltrud Müller,48,Weiblich,Germany,cordula38@example.org
Britt Wende,27,Männlich,Germany,schoenlandluise@example.com
Gero Dippel-Vollbrecht,20,Männlich,Germany,stolzemax@example.com
Hans D. Lübs,20,Weiblich,Germany,elenore38@example.com
Sonia Pölitz B.Eng.,43,Weiblich,Germany,roggesilvana@example.org
Oskar Kuhl,64,Weiblich,Germany,schmidtkeaenne@example.com
Univ.Prof. Gotthold Tlustek B.Sc.,20,Männlich,Germany,simonerosenow@example.org
Dr. Rolf-Peter Ring MBA.,63,Weiblich,Germany,buttemarek@example.net
Frau Felicia Rohleder B.Eng.,29,Männlich,Germany,roggemeik@example.net
